Savivaldybe,Failas
Visagino savivaldybė,
Ignalinos rajono savivaldybė,Ignalinosraj.zip
Zarasų rajono savivaldybė,Zarasuraj.zip
Vilkaviškio rajono savivaldybė,
Utenos rajono savivaldybė,
Švenčionių rajono savivaldybė,
Šiaulių miesto savivaldybė,
Panevėžio miesto savivaldybė,Paneveziom.zip
Elektrėnų savivaldybė,
Vilniaus miesto savivaldybė,Vilniausm.zip
Marijampolės savivaldybė,Marijampolesraj.zip
Kazlų Rūdos savivaldybė,
Kalvarijos savivaldybė,
Kauno rajono savivaldybė,
Vilniaus rajono savivaldybė,
Pagėgių savivaldybė,
Molėtų rajono savivaldybė,
Anykščių rajono savivaldybė,
Klaipėdos miesto savivaldybė,Klaipedosm.zip
Šalčininkų rajono savivaldybė,
Trakų rajono savivaldybė,
Palangos miesto savivaldybė,
Kretingos rajono savivaldybė,
Ukmergės rajono savivaldybė,
Panevėžio rajono savivaldybė,
Kauno miesto savivaldybė,Kaunom.zip
Druskininkų savivaldybė,Druskininkuraj.zip
Varėnos rajono savivaldybė,
Neringos savivaldybė,
Lazdijų rajono savivaldybė,
Alytaus rajono savivaldybė,
Alytaus miesto savivaldybė,
Rokiškio rajono savivaldybė,
Biržų rajono savivaldybė,
Kupiškio rajono savivaldybė,
Rietavo savivaldybė,
Pasvalio rajono savivaldybė,
Šilutės rajono savivaldybė,
Skuodo rajono savivaldybė,
Klaipėdos rajono savivaldybė,
Mažeikių rajono savivaldybė,
Pakruojo rajono savivaldybė,
Joniškio rajono savivaldybė,
Šiaulių rajono savivaldybė,
Akmenės rajono savivaldybė,
Radviliškio rajono savivaldybė,
Kelmės rajono savivaldybė,
Prienų rajono savivaldybė,
Plungės rajono savivaldybė,
Jonavos rajono savivaldybė,
Raseinių rajono savivaldybė,
Tauragės rajono savivaldybė,
Kaišiadorių rajono savivaldybė,
Šilalės rajono savivaldybė,
Kėdainių rajono savivaldybė,
Jurbarko rajono savivaldybė,
Birštono savivaldybė,
Telšių rajono savivaldybė,
Šakių rajono savivaldybė,
Širvintų rajono savivaldybė,