Savivaldybe,Sistema
Visagino savivaldybė,Tik VINTRA
Ignalinos rajono savivaldybė,Tik VINTRA
Zarasų rajono savivaldybė,Tik VINTRA
Vilkaviškio rajono savivaldybė,Tik VINTRA
Šakių rajono savivaldybė,Tik VINTRA
Utenos rajono savivaldybė,Tik VINTRA
Švenčionių rajono savivaldybė,Tik VINTRA
Šiaulių miesto savivaldybė,Stops.lt
Panevėžio miesto savivaldybė,Stops.lt
Elektrėnų savivaldybė,Tik VINTRA
Vilniaus miesto savivaldybė,Stops.lt
Marijampolės savivaldybė,Tik VINTRA
Kazlų Rūdos savivaldybė,Tik VINTRA
Kalvarijos savivaldybė,Tik VINTRA
Kauno rajono savivaldybė,Tik VINTRA
Vilniaus rajono savivaldybė,Planuojama Stops.lt
Pagėgių savivaldybė,Stops.lt
Molėtų rajono savivaldybė,Tik VINTRA
Anykščių rajono savivaldybė,Tik VINTRA
Klaipėdos miesto savivaldybė,Stops.lt
Šalčininkų rajono savivaldybė,Tik VINTRA
Širvintų rajono savivaldybė,Tik VINTRA
Trakų rajono savivaldybė,Planuojama Stops.lt
Palangos miesto savivaldybė,Tik VINTRA
Kretingos rajono savivaldybė,Tik VINTRA
Ukmergės rajono savivaldybė,Tik VINTRA
Panevėžio rajono savivaldybė,Tik VINTRA
Kauno miesto savivaldybė,Stops.lt
Druskininkų savivaldybė,Stops.lt
Varėnos rajono savivaldybė,Tik VINTRA
Neringos savivaldybė,Tik VINTRA
Lazdijų rajono savivaldybė,Tik VINTRA
Alytaus rajono savivaldybė,Tik VINTRA
Alytaus miesto savivaldybė,Stops.lt
Rokiškio rajono savivaldybė,Tik VINTRA
Biržų rajono savivaldybė,Tik VINTRA
Kupiškio rajono savivaldybė,Tik VINTRA
Rietavo savivaldybė,Tik VINTRA
Pasvalio rajono savivaldybė,Tik VINTRA
Šilutės rajono savivaldybė,Tik VINTRA
Skuodo rajono savivaldybė,Tik VINTRA
Klaipėdos rajono savivaldybė,Tik VINTRA
Mažeikių rajono savivaldybė,Tik VINTRA
Pakruojo rajono savivaldybė,Tik VINTRA
Joniškio rajono savivaldybė,Tik VINTRA
Šiaulių rajono savivaldybė,Tik VINTRA
Akmenės rajono savivaldybė,Tik VINTRA
Radviliškio rajono savivaldybė,Tik VINTRA
Kelmės rajono savivaldybė,Tik VINTRA
Prienų rajono savivaldybė,Tik VINTRA
Plungės rajono savivaldybė,Tik VINTRA
Telšių rajono savivaldybė,Tik VINTRA
Jonavos rajono savivaldybė,Tik VINTRA
Raseinių rajono savivaldybė,Tik VINTRA
Tauragės rajono savivaldybė,Stops.lt
Kaišiadorių rajono savivaldybė,Tik VINTRA
Šilalės rajono savivaldybė,Stops.lt
Kėdainių rajono savivaldybė,Tik VINTRA
Jurbarko rajono savivaldybė,Stops.lt
Birštono savivaldybė,Tik VINTRA
